id,secondary_id,detail_text,max_grade,input_type,table_schema,sort_order
705,33,متابعة القضايا التحقيقية غير المنجزة للسنوات السابقة وتشكيل لجان لإنجازها. (0 د),22.00,multiple,null,9
288,33,توفر الاجهزة الكافية وصلاحيتها للعمل.,0.50,multiple,null,37
289,33,السجلات المطلوبة وادامتها.,0.50,multiple,null,38
312,34,الايجاز (معد / غير معد) وفق اسس التفتيش.,1.60,multiple,null,0
313,34,المواقف الرسمية ونسب التكامل (الاشخاص، الاسلحة، الاعتدة، الآليات، اجهزة الاتصالات).,1.60,detailed_table,"[{'"key'": '"category'", '"role'": '"label'", '"type'": '"text'", '"label'": '"الفئة'", '"required'": true}, {'"key'": '"nominal'", '"role'": '"nominal'", '"type'": '"number'", '"label'": '"الملاك'", '"required'": true}, {'"key'": '"actual'", '"role'": '"actual'", '"type'": '"number'", '"label'": '"الموجود'", '"required'": true}, {'"key'": '"deficit'", '"role'": '"deficit'", '"type'": '"number'", '"label'": '"النقص'", '"required'": false}, {'"key'": '"increase'", '"role'": '"increase'", '"type'": '"number'", '"label'": '"الزيادة'", '"required'": false}, {'"key'": '"percentage'", '"role'": '"percentage'", '"type'": '"percentage'", '"label'": '"النسبة %'", '"required'": false}]",1
716,34,مدى المام مدير القسم بواجبات ومهام القسم.,10.00,multiple,null,2
314,34,تيسر نظام البديلين.,1.60,multiple,null,3
315,34,متابعة الامور الجنائية والفنية والاحصائيات والعمليات.,1.60,multiple,null,4
325,35,الايجاز (معد / غير معد) وفق اسس التفتيش.,0.47,multi,,0
326,35,المواقف الرسمية ونسب التكامل (الاشخاص، الاسلحة، الاعتدة، الآليات، اجهزة الاتصالات).,0.47,multi,,1
327,35,مدى الإلمام بقاطع المسؤولية وتحديد الأهداف الحيوية.,0.47,multi,,2
328,35,فعاليته ودوره في ادارة الخلية الاستخبارية المناطقية.,0.47,multi,,3
329,35,الرؤية الاستخبارية ضمن خطة الأمن المناطقي.,0.47,multi,,4
330,35,متابعة تحديد وتدقيق حدود القاطع بالتنسيق مع مدير المنطقة.,0.47,multi,,5
331,35,مدى توفر الخطط الخاصة بجمع وتحليل المعلومات.,0.47,multi,,6
332,35,متابعة التغذية العكسية والدراسات التحليلية.,0.47,multi,,7
333,35,تحديث الخطط بناءً على المتغيرات الميدانية.,0.47,multi,,8
334,35,جانب العملياتية والميدانية,0.47,multi,,9
335,35,عدد المعلومات الاستباقية وبيان المتحقق منها وغير المتحقق منها.,0.47,multi,,10
336,35,تنوع مصادر المعلومات (سرية، علنية، تقنية).,0.47,multi,,11
337,35,فعالية استخدام المراقبة السرية الثابتة والمتحركة.,0.47,multi,,12
338,35,ادامة الاضابير الخاصة بالمصادر وصرف المكافئات المالية حسب نوع المعلومة.,0.47,multi,,13
339,35,مدى الاستفادة من المصادر العلنية.,0.47,multi,,14
340,35,المسح الميداني لقاطع المسؤولية، وتحديث بياناته دورياً ونسبة اكتمالها.,0.47,multi,,15
316,34,متابعة عمل مفارز في السيطرات الرئيسية.,1.60,multiple,null,5
318,34,جمع المعلومات الاستخبارية عن شبكات تجارة المخدرات.,1.60,multiple,null,6
109,22,متابعة التنسيق مع كافة الدوائر داخل المنطقة الأمنية وانفتاحها.,5.00,multiple,null,0
319,34,متابعة تنفيذ اوامر القبض ضمن قاطع المسؤولية.,1.60,multiple,null,7
317,34,التنسيق الامني مع الجهات الاخرى.,1.60,multiple,null,8
320,34,متابعة شعبة شؤون المخدرات والمؤثرات العقلية ضمن المنفذ (بري جوي بحري في حالة وجود منفذ حدودي).,1.60,multiple,null,9
322,34,التقييم.,1.54,single,,11
742,34,اداره المعلومات,22.00,single,null,37
110,22,متابعة المواقف اليومية والشهرية (الاشخاص، الاسلحة، الاعتدة، الآليات، الاحصاء الجنائي).,5.00,multi,,1
122,25,فاعلية منظومة الاتصالات السلكية واللاسلكية وجودة الإرسال والاستقبال وسرعة الاستجابة.,4.00,multi,,2
124,25,التزام المنتسبين بقواعد وأصول المخابرة وحفظ سرية المعلومات والاتصالات الرسمية.,3.00,multi,,4
125,25,تفعيل غرفة سيطرة الاتصالات المركزية لمتابعة نداءات الطوارئ والاستجابة السريعة (911).,3.00,multi,,5
130,26,ملاءمة المناهج التدريسية وتضمين مفاهيم حقوق الإنسان وتطوير القيادة والانضباط.,4.00,multi,,3
131,26,مستوى استجابة المنتسبين للدورات التدريبية ومدى انعكاسها على الأداء الميداني الفعلي.,3.00,multi,,4
133,26,تصفير الأسلحة وتهيئتها للرمي وتأمين الأعتدة وتوثيق محاضر اللجان المشرفة.,3.00,multi,,6
138,27,إجراءات التدقيق الأمني لأمناء المشاجب والمستودعات وتنظيم الكفالات القانونية لهم.,4.00,multi,,4
262,32,مدى التنسيق مع القواطع المجاورة.,2.90,multiple,null,17
144,28,متابعة الانضباط والسلوك الوظيفي للمنتسبين وحالات الغياب والتقصير الإداري والقانوني.,3.00,multi,,5
260,32,فعالية نظام المناوبة (نظام البديل) وتغطية الخدمة.,2.90,multiple,null,4
706,33,اجراء التدقيق الأمني لأمناء المشجب ومأموري الموقف. (0 د),10.00,multiple,null,19
111,22,تحديد المخاطر وتأشير الخرائط وتقارير التحليل الأمني للمطلوبين والموقوفين.,5.00,multiple,null,2
306,33,الموقف,0.41,multi,,55
112,22,إعداد وتنفيذ خطتي الدفاع المحلي ومكافحة الحرائق والممارسات الأمنية وسجلات الحركات.,5.00,multiple,null,3
113,22,ملاءمة أداء معاون العمليات كبديل لمدير المنطقة الأمنية.,5.00,single,null,4
115,23,متابعة الأتمتة والربط الشبكي وصيانة الأجهزة الخاصة به وتوفرها.,7.50,multiple,null,1
117,24,متابعة البنى التحتية وإعداد خطط الاحتياجات وتوفر إضابير سد النقص واستملاك الأراضي.,5.00,multiple,null,1
119,24,متابعة توزيع الموارد البشرية وتحديد المنتسبين حسب فئات الأعمار والعجز الطبي ونقص العنصر النسوي.,5.00,multiple,null,3
120,25,مدى توفر محطات الاتصال الثابتة والمتحركة بشكل فاعل بما يضمن تغطية جغرافية كاملة لقاطع المسؤولية.,4.00,multiple,null,0
121,25,كفاءة شبكة الاتصالات والترددات المستخدمة ومدى ملاءمتها لظروف الطوارئ والعمل الميداني.,4.00,multiple,null,1
123,25,مستوى تأمين الاتصال الداخلي والخارجي والتنسيق المشترك مع التشكيلات الساندة والمفارز.,4.00,multiple,null,3
126,25,توفر سجلات المخابرة وغرفة شحن النضائد وكفاءة تدريب كوادر الاتصالات.,3.00,multiple,null,6
128,26,توفر ساحات التدريب النموذجية وقاعات التدريب النظري ووسائل الإيضاح والدلالة.,4.00,multiple,null,1
127,26,تطبيق الخطة التدريبية السنوية والالتزام بمناهج التدريب اليومي والليلي وأيام الضباط.,4.00,multiple,null,0
129,26,كفاءة وتوفر المعلمين والمدربين المتخصصين الحاصلين على شهادة إعداد المعلمين (T3).,4.00,multiple,null,2
132,26,توفر ميادين الرمي الحقيقية والإلكترونية وقواعد التدريب العملي لمهارات إطلاق النار.,3.00,multiple,null,5
134,27,كفاءة وصلاحية وجاهزية الآليات وعجلات الحركة والدوريات في قاطع المسؤولية.,6.00,multiple,null,0
135,27,جاهزية المشجب وخزن الأسلحة والأعتدة وتأمينها وتوزيعها بشكل منظم وآمن.,6.00,multiple,null,1
136,27,تنظيم السجلات والوثائق ومستندات الذمة وإجراءات الاستلام والتسليم للأسلحة والآليات.,5.00,multiple,null,2
137,27,توفر شروط السلامة المهنية وتأمين مطافئ الحريق وكاميرات المراقبة على المشاجب والمخازن.,4.00,multiple,null,3
139,28,تهيئة البيئة الإدارية المناسبة من حيث ملاءمة المكاتب والمقرات وتكامل البنى التحتية للإسكان.,4.00,multiple,null,0
140,28,تطبيق أنظمة الأرشفة الإلكترونية وتحديث قواعد البيانات وسرعة إنجاز البريد المتبادل.,3.00,multiple,null,1
141,28,توفر أجهزة الحاسوب والملحقات الإلكترونية وإجراء الصيانة الدورية لها بفاعلية.,3.00,multiple,null,2
146,28,تخصيص مخازن آمنة لحفظ الوثائق والمستلزمات وتوفر منظومة إطفاء الحرائق والإنذار المبكر.,3.00,multiple,null,7
147,29,الايجاز معد وفق اسس التفتيش، وحسب المستوى.,1.00,multiple,null,0
148,29,المواقف الرسمية ونسب التكامل (الاشخاص، الاسلحة، الاعتدة، الآليات، اجهزة الاتصالات).,1.00,multi,,1
684,32,مدى العمل بالهيكل التنظيمي والوصف الوظيفي والقياس.,22.00,multiple,null,25
321,34,فتح وادامة السجلات المطلوبة.,1.54,multi,,10
323,34,الجنائية والحركات,1.60,multiple,null,12
704,33,توفر قاعدة معلومات عن المجرمين وارباب السوابق وقاعدة بيانات المسح الميداني لقاطع المسؤولية وحفظ البيانات في هارد خارجي وتحديثه بشكل دوري. (0 د),2.00,multiple,null,7
707,33,التحصينات الأمنية للمركز (ابراج الحماية، الكاميرات، اسلحة ساندة).,10.00,multiple,null,18
717,34,متابعه التغذية العكسية ما بين إدارة المعلومات والجنائية والحركات والتحقيقات فيما يخص نتائج التحقيق في القضايا التي لاتزال رهن التحقيق او المحسومة.,10.00,multiple,null,13
685,32,توفر البنية التحتية المناسبة (مكاتب، أرشيف، أجهزة مكتبية).,1.60,multiple,null,26
324,34,التقييم.,1.54,single,,19
167,30,آمر القاطع,0.50,multi,,0
179,30,التقييم.,0.50,single,,12
180,30,مدى العمل وفق الهيكل التنظيمي والوصف الوظيفي والقياس.,0.50,multi,,13
181,30,موقف الموارد البشرية (الضباط، المراتب، الموظفين) ومطابقة الملاك مع الموجود.,0.50,multi,,14
728,34,التحقيق في القضايا المهمة والنوعية.,10.00,multiple,null,24
189,30,الأداء التنفيذي والميداني,0.50,multi,,22
193,30,إجراءات ضبط المخالفات المرورية وفق القانون.,0.50,multi,,26
196,30,البنية التحتية والدعم اللوجستي,0.50,multi,,29
198,30,تحديد التقاطعات التي تخلو من الرقابة واقتراح المعالجات.,0.50,multi,,31
153,29,أرشفة الوثائق والبرقيات والسجلات إلكترونياً وورقياً.,1.00,multiple,null,6
168,30,الايجاز معد وفق اسس التفتيش.,0.50,multiple,null,1
169,30,المواقف الرسمية ونسب التكامل (الاشخاص، الاسلحة، الاعتدة، الآليات، اجهزة الاتصالات).,0.50,multiple,null,2
176,30,فتح وادامة السجلات واللوحات التعريفية في مكتبه.,0.50,multiple,null,9
170,30,عائدية البناية والارض.,0.50,multiple,null,3
171,30,مدى الإلمام بقاطع المسؤولية والطرق والتقاطعات الحيوية.,0.50,multiple,null,4
172,30,توزيع الدوريات والمفارز بشكل أمثل حسب أولوية التقاطعات (أ، ب، ج).,0.50,multiple,null,5
177,30,تقييم الخطط الموضوعة لإدارة الزحام المروري والعقد المرورية.,0.50,multiple,null,10
173,30,صلاحية أجهزة الاتصالات اللاسلكية المؤمنة مع قيادة المنطقة والدوريات.,0.50,multiple,null,6
174,30,مدى التنسيق مع الأجهزة الأمنية الأخرى ضمن القاطع.,0.50,multiple,null,7
175,30,الإشراف الميداني المباشر على الحوادث المهمة وتوثيقها.,0.50,multiple,null,8
178,30,مدى التنسيق مع الدوائر الخدمية (البلديات، هيئة النقل) لتحسين حركة السير.,0.50,multiple,null,11
182,30,موقف الأسلحة والاعتدة والآليات وأجهزة الاتصالات وبيان نسب التكامل والجاهزية.,0.50,multiple,null,15
183,30,تقييم مستوى التدريب والتأهيل للضباط والمنتسبين واشراكهم بدورات (مرورية، قتال اعزل، سياقة).,0.50,multiple,null,16
185,30,حقيبة آمر الدورية وتشمل (قانون المرور، دفتر قرارات الحكم، دفتر تنظيم المخططات المرورية).,0.50,multiple,null,18
186,30,الدراجات النارية: نفس معايير الدوريات الآلية مع مراعاة التجهيزات الخاصة بالدراجات (خوذة، قمصلة جلد، برجس، بوت، كفوف جلدية، كسارات).,0.50,multiple,null,19
187,30,فحص الاستجابة السريعة وقياس زمن وصول الدوريات لحادث افتراضي وتقييم الإجراءات المتخذة عن طريق الاستجابة والسيطرة (911).,0.50,multiple,null,20
192,30,مدى استخدام التقنيات الحديثة (كاميرات مراقبة) في ضبط المخالفات.,0.50,multiple,null,25
188,30,وجود مظلة مرورية ملائمة، مع تكامل مستلزمات رجل المرور (عصا ضوئية، سترة فسفورية، صافرة).,0.50,multiple,null,21
190,30,فحص تنظيم حركة السير والمرور، والسيطرة على التقاطعات (برجل المرور أو بالإشارة الضوئية).,0.50,multiple,null,23
191,30,تحليل إحصاءات المخالفات المرورية وأنواعها والمبالغ المحصلة.,0.50,multiple,null,24
194,30,موقف إحصائيات الحوادث (دهس، اصطدام، انقلاب... الخ) وتحليل نسب الارتفاع والانخفاض واعداد التوصيات لمعالجة ارتفاع نسب الحوادث اعلاه.,0.50,multiple,null,27
197,30,البنية التحتية للقاطع، ومدى توفر ووضوح العلامات المرورية (الشاخصة والأرضية) والإشارات الضوئية.,0.50,multiple,null,30
258,32,الاعداد الورقي لخطتي (الدفاع المحلي، إطفاء الحرائق) ومستوى تنفيذها.,2.90,multiple,null,2
201,30,تنظيم وأمن المشاجب (مستودع الأسلحة والعتاد).,0.50,multi,,34
206,30,التقييم.,0.50,single,,39
259,32,فتح وادامة السجلات والاضابير الإدارية.,2.90,multiple,null,3
686,32,مدى تكامل المشجب وحفظ الاسلحة والاعتدة وادامة سجلاتها. (0 د),22.00,multiple,null,24
708,33,المكان الملائم لمنام المنتسبين وتوفر الاسرة واجهزة التكييف والمجاميع الصحية الكافية.,10.00,multiple,null,17
276,33,العمل بقانون الحفاظ على الوثائق رقم (37) لسنة 2016 الخاص بترحيل وتصنيف الوثائق.,0.41,multi,,25
718,34,مواقف خاصة بالضبطيات وجمع وتحليل البيانات.,10.00,multiple,null,14
729,34,كفاءة ضباط التحقيق وسير الإجراءات التحقيقية ومدى تنفيذ القرارات القضائية والالتزام بأخلاقيات المهنة والحفاظ على سرية المعلومات التحقيقية.,10.00,multiple,null,25
743,34,جمع المعلومات الاستخبارية عن شبكات التجارة المخدرات وطرق استيرادها وتهريبها.,2.00,multiple,null,38
278,33,مدى العمل بنظام البديل.,0.41,multi,,27
279,33,مدى العمل على سياق تداول البريد الرسمي.,0.41,multi,,28
257,32,مدى الإلمام بقاطع المسؤولية والمهام والواجبات والصلاحيات.,2.90,multiple,null,0
256,32,المواقف الرسمية ونسب التكامل (الاشخاص، الاسلحة، الاعتدة، الآليات، اجهزة الاتصالات).,2.86,multi,,1
275,33,توفر لوحات المواقف الرسمية.,0.50,multiple,null,24
277,33,توفر غرفة خاصة بالأرشفة الورقية للكتب الرسمية للسنوات السابقة والقضايا التحقيقية المغلقة والمحسومة.,0.50,multiple,null,26
280,33,فتح وادامة السجلات المطلوبة والاضابير.,0.50,multiple,null,29
281,33,مدى اشراك ضباط ومنتسبي المركز بدورات تطويرية في مجال عمليات الشرطة والتحقيق الجنائي وفق خطة التدريب الوزارية.,0.50,multiple,null,30
200,30,تقييم جاهزية ورشة الآليات والمستودعات (الزيوت، المواد الاحتياطية).,0.50,multiple,null,33
202,30,العلاقة بين رجل المرور والمجتمع,0.50,multiple,null,35
203,30,مستوى نشر الوعي المروري بين المواطنين (الاعلانات والبوسترات).,0.50,multiple,null,36
204,30,مستوى رضا الجمهور عن الخدمات المقدمة من خلال استبيان.,0.50,multiple,null,37
205,30,المظهر العام والقيافة النظامية والانضباط لجميع المنتسبين.,0.50,multiple,null,38
207,31,ضابط المركز,20.00,multiple,null,1
208,31,التنظيم والإدارة,0.70,multiple,null,2
210,31,الشؤون القانونية,0.41,multi,,3
217,31,الاتصالات والسيطرة,0.41,multi,,9
261,32,مدى تكامل عمل المفارز مع خطة الأمن المناطقي وارتباطها بمدير المنطقة.,2.80,multiple,null,5
263,33,ضابط المركز,0.41,multi,,0
264,33,المواقف الرسمية ونسب التكامل (الاشخاص، الاسلحة، الاعتدة، الآليات، اجهزة الاتصالات).,0.41,multi,,1
265,33,مدى التزام ضابط المركز بتنفيذ الواجبات والتعليمات الواردة بالدليل الاسترشادي.,0.50,multiple,null,2
709,33,توفر غرفة استعلامات ومكان ملائم للمراجعين وسجل لتدوين المعلومات الخاصة بهم).,10.00,multiple,null,16
271,33,مأمور المركز,0.41,multi,,20
719,34,متابعة  قاعدة بيانات المحكومين العراقيين والعرب والأجانب.,10.00,multiple,null,15
730,34,تيسر المعلومات الاستخبارية عن المتورطين بتجارة وتهريب المخدرات.,10.00,multiple,null,26
744,34,متابعة مراقبة الناقلين التجاريين والمجازين العاملين بالمواد المخدرة وحسب ما جاء قانون المخدرات رقم (50) لسنة 2017 النافذ.,2.00,multiple,null,39
342,35,إجراءات متابعة المطلوبين والمشتبه بهم.,0.47,multi,,17
343,35,التنسيق مع الأجهزة الأخرى في التنفيذ.,0.47,multi,,18
344,35,جانب التقنية والمعلوماتية,0.47,multi,,19
345,35,ادامة ادخال البيانات وتصنيفها حسب نوع الجرائم.,0.47,multi,,20
347,35,توفر قاعدة بيانات مركزية مؤمنة (ممكس) ومدى استخدامها، وحماية بياناتها وسرية المعلومات.,0.47,multi,,22
348,35,حماية البيانات وسرية المعلومات.,0.47,multi,,23
349,35,متابعة عمل منظومة كاميرات المراقبة (أهلية ورسمية).,0.47,multi,,24
350,35,استخدام الأنظمة التقنية في الرصد والتحليل.,0.47,multi,,25
351,35,تأمين سرية الاتصالات ونقل البيانات.,0.47,multi,,26
352,35,موقف التقارير الاستخبارية (اليومية، الأسبوعية، الشهرية).,0.47,multi,,27
353,35,دقة الجداول الإحصائية للنشاطات والحوادث.,0.47,multi,,28
354,35,تحليل البيانات لإنتاج رؤى استخبارية.,0.47,multi,,29
355,35,جانب التحقيقية والمتابعة,0.47,multi,,30
356,35,موقف الأوراق التحقيقية المسجلة والمنجزة وغير المنجزة ونسبة الانجاز.,0.47,multi,,31
357,35,إجراءات التحقيق مع الموقوفين ومراعاة حقوق الإنسان.,0.47,multi,,32
358,35,متابعة المبرزات الجرمية والأمانات.,0.47,multi,,33
359,35,عدد شبكات التنظيمات الارهابية وعصابات الجريمة المنظمة وربط الصلات ما بين كافة المحافظات.,0.47,multi,,34
360,35,تحليل الوثائق والخرائط المتعلقة بالإرهاب والجريمة المنظمة.,0.47,multi,,35
361,35,موقف الحركات الدينية المتطرفة والأحزاب.,0.47,multi,,36
362,35,اختراق التنظيمات الإرهابية وكشف مخططاتها.,0.47,multi,,37
363,35,متابعة البريد الخاص بجمع المعلومات والتنسيق مع الأجهزة الأمنية الأخرى لمقاطعة المعلومات وفق نموذج الهدف.,0.47,multi,,38
364,35,جانب الإدارية والتنسيقية,0.47,multi,,39
365,35,جانب التدريب والتأهيل,0.47,multi,,40
680,21,اختبار تحقق رسمي من صفحة التنفيذ 1780391181746,5.00,single,null,0
366,35,عدد الدورات التدريبية في مجال (الجمع والتحليل، التحقيق، ادارة المصادر، الأمن السبراني، الانظمة التقنية).,0.47,multi,,41
367,35,ورش عمل حول حقوق الإنسان وأخلاقيات المهنة.,0.47,multi,,42
368,36,آمر القوة (فوج ـ سرية),0.16,multi,,0
369,36,إيجاز عن تاريخ تشكيل الفوج والمهمة الرئيسية والتدريبية والمبادرات والمقترحات لتطوير الفوج.,0.16,multi,,1
370,36,دوره في تطوير الضباط الإحداث وضباط الصف.,0.16,multi,,2
371,36,دوره في أكمال جاهزية الفوج.,0.16,multi,,3
372,36,دوره في أعداد الفرص الملائمة للتدريب والخطة المستقبلية لتطوير الفوج.,0.16,multi,,4
373,36,دوره في متابعة سد النقص للفوج والنتائج المتحققة,0.16,multi,,5
375,36,دوره في تطوير المقاتلين (ضباط، مراتب).,0.16,multi,,7
376,36,المامه بمنطقة المسؤولية للفوج والوحدات الجانبية (سعة القاطع، توزيع السرايا) والخطط اللازمة لتامينها.,0.16,multi,,8
377,36,التقييم.,0.16,single,,9
378,36,فوق الوسط,0.16,multi,,10
379,36,المعاون,0.16,multi,,11
380,36,يفحص بالنقاط أعلاه ليصبح جاهزا لتوليه مسؤولية قيادة الفوج عندما يتطلب الموقف ذلك.,0.16,multi,,12
381,36,مؤهل لتوليه مسؤولية قيادة الفو متابع للتدريب ودقة إعداد وصايا ومناهج التدريب.,0.16,multi,,13
382,36,متابع لموقع القيادة وادامته من كافة النواحي.,0.16,multi,,14
383,36,متابع لأعمال الفوج.,0.16,multi,,15
384,36,لديه سجل ايجاز البديل.,0.16,multi,,16
385,36,(مؤهل ـ غير مؤهل)  لتوليه مسؤولية قيادة الفوج عند الحاجة.,0.16,multi,,17
386,36,(متابعته ـ غير متابع) للتدريب ودقة إعداد وصايا ومناهج التدريب.,0.16,multi,,18
387,36,غير متابع للتدريب ودقة إعداد وصايا ومناهج التدريب.,0.16,multi,,19
388,36,(متابع ـ غير متابع) لموقع القيادة وادامته من كافة النواحي.,0.16,multi,,20
389,36,متابع لموقع القيادة وادامته من كافة النواحي.,0.16,multi,,21
390,36,(متابع ـ غير متابع) لاعمال الفوج.,0.16,multi,,22
391,36,(لديه ـ ليس لديه) سجل ايجاز البديل.,0.16,multi,,23
392,36,لديه سجل ايجاز البديل.,0.16,multi,,24
393,36,(ملم ـ غير ملم) بالعمليات الجاريه والمستقبليه ضمن قاطع المسؤوليه.,0.16,multi,,25
394,36,ملم بالعمليات الجارية والمستقبلية ضمن قاطع المسؤولية.,0.16,multi,,26
395,36,المساعد,0.16,multi,,27
396,36,الايجاز,0.16,multi,,28
397,36,(ملم – غير ملم ) بواجباته ومدى اهتمامه بالجوانب الإدارية.,0.16,multi,,29
398,36,غير ملم  بواجباته ومدى اهتمامه بالجوانب الإدارية.,0.16,multi,,30
400,36,(متابع – غير متابع) لمكتب الادارة واوامر القسم الثاني.,0.16,multi,,32
401,36,(متابع – غير متابع) للمطعم و نوعية الارزاق.,0.16,multi,,33
402,36,غير متابع للمطعم و نوعية الارزاق.,0.16,multi,,34
403,36,متابع للمطعم و نوعية الارزاق جيدة كمية ونوعية.,0.16,multi,,35
404,36,(متابع – غير متابع) للسرايا وزياراتها.,0.16,multi,,36
405,36,(متابع – غير متابع) للاسكان والأمور الإدارية.,0.16,multi,,37
406,36,غير متابع  للاسكان والأمور الإدارية.,0.16,multi,,38
407,36,التقييم.,0.16,single,,39
408,36,التخطيط للتدريب,0.16,multi,,40
409,36,وجود خطة لتدريب الفوج.,0.16,multi,,41
410,36,تيسر مذكرة التدريب (بقسميها الأول والثاني).,0.16,multi,,42
412,36,وجود سجل الدورات الداخلية والخارجية للضباط والمراتب ومدى ادامتها.,0.16,multi,,44
413,36,وجود سجل وإضبارة تقارير سير التدريب.,0.16,multi,,45
414,36,وجود سجل وأضبارة تقارير سير التدريب غير مدام,0.16,multi,,46
415,36,وجود اضبارة وصايا ومحاضرات أيام الضباط.,0.16,multi,,47
416,36,وجود سجل دورات ضباط والمراتب.,0.16,multi,,48
417,36,وجود اعداد وصايا ومناهج التدريب وتنظيمها بموجب كراسة اعداد المناهج.,0.16,multi,,49
418,36,الحركات (موقع القيادة),0.16,multi,,50
420,36,(وجود ـ عدم وجود ) خرائط (الموقف العام، الموقف الخاص، موقف الاستخبارات).,0.16,multi,,52
421,36,(تيسر ـ عدم تيسر)  الاتصالات السلكية واللاسلكية (بعيدة – قريبة) عن موقع القيادة.,0.16,multi,,53
422,36,(وجود ـ عدم وجود) سياق الحركة الفورية (وجود الاعداد الورقي او عدم وجود).,0.16,multi,,54
423,36,وجود سياق الحركة الفورية وخطتي الدفاع المحلي ومكافحة الحرائق (اعداد ورقي وتنفيذ ممارسات).,0.16,multi,,55
424,36,خطتي الدفاع المحلي ومكافحة الحرائق (اعداد ورقي وتنفيذ ممارسات).,0.16,multi,,56
425,36,عدم وجود سياقات العمل الثابتة والاوامر الثابتة.,0.16,multi,,57
426,36,محتويات المكتب,0.16,multi,,58
428,36,ادامة الاجهزة وصلاحيتها (حاسبات، استنساخ،  طابعة ملونة وعادية، تالفة ورق).,0.16,multi,,60
429,36,تكامل محتويات صندوق الحركة الفورية.,0.16,multi,,61
101,21,إيجاز المنطقة الأمنية (Briefing),10.00,multiple,null,0
430,36,وجود سجلات (أوامر القسم الأول، الصادر والوارد للكتب والرسائل، كشف الخفارة، المواقف، المحالين على التقاعد، فسخ العقد، الاجازات الدورية، موقف المجالس التحقيقية، العيادات والاجازات المرضية والعلاج خارج البلاد، التفتيشات، اللجان، التبليغات والاوامر، الواجبات، قدم ضباط الصف، الهيكل التنظيمي، فصيلة الدم والتبرع بالدم، أرباب الحرف، كشف الموظفين).,0.16,multi,,62
431,36,وجود لوحات (واجبات المفوض الكاتب، نظام البديلين، الاعلانات، المواقف الشهرية، سياق تداول البريد، اسماء تعريفية، مفتاح الاضابير، فهرست السجلات، وصايا أمن المكتب، توزيع البريد الداخلي والخارجي، المتابعة، الانارة البديلة، مستحقي الترقية، القوة العمومية، الاسلحة، الاعتدة، الاليات، أجهزة الاتصالات).,0.16,multi,,63
432,36,رئيس عرفاء الفوج,0.16,multi,,64
433,36,المام بواجباته ومدى كفائته في السيطرة على ضباط الصف والمنتسبين وتنظيم الاعمال داخل المقر.,0.16,multi,,65
434,36,اهتمام بالقيافة الشخصية والضبط العسكري ومتابعة تكامل تجهيزات المقاتلين.,0.16,multi,,66
435,36,اعداد الموجود اليومي وفق سجل التعداد اليومي وتوزيعه للواجبات بصورة عادلة في نقاط الحراسة للمقر والواجبات الاخرى.,0.16,multi,,67
436,36,متابعته لسكن المنتسبين وتأمين مستلزمات الراحة لهم.,0.16,multi,,68
437,36,قطع الدلالة ومخطط توضيحي لمرافق الفوج.,0.16,multi,,69
438,36,دوره وفعاليته بسياق استلام الموجود والعرض الصباحي.,0.16,multi,,70
439,36,دوره جيد في سياق استلام الموجود مع فقط لائحة العرض الصباحي.,0.16,multi,,71
440,36,دوره وفعاليته بسياق استلام الموجود والعرض الصباحي فوق الوسط.,0.16,multi,,72
441,36,دوره غير جيد في سياق استلام الموجود مع فقط لائحة العرض الصباحي.,0.16,multi,,73
442,36,عرض مشاكل المنتسبين على الامر لغرض حلها.,0.16,multi,,74
443,36,متابعته لنظافة مرافق الوحدة بمستوى وسط.,0.16,multi,,75
446,36,الاتصالات اللاسلكية مع المقرات العليا والدنيا.,0.16,multi,,78
447,36,الاتصالات السلكية داخل المقر.,0.16,multi,,79
448,36,تيسر وصايا ومناهج تدريب الاتصالات والعمل بها.,0.16,multi,,80
449,36,تيسر الاتصالات الجوالة (عجلة امر الوحدة وضباط الارتباط، خدمة السعاة).,0.16,multi,,81
450,36,الجانب التدريبي,0.16,multi,,82
451,36,صلاحية ساحات التدريب وتيسر الميادين المختلفة والصفوف الدراسية.,0.16,multi,,83
452,36,مدخرات ومساعدات التدريب والكراسات التدريبية في ساحة العرض.,0.16,multi,,84
453,36,توفر مدخرات ومساعدات التدريب والكراسات التدريبية في ساحة العرض.,0.16,multi,,85
454,36,توفر مدخرات ومساعدات التدريب والكراسات التدريبية في ساحة العرض وسط.,0.16,multi,,86
455,36,تنفيذ مناهج التدريب حسب ما مخطط له.,0.16,multi,,87
456,36,محتويات اضبارة التدريب (اعداد خطة التدريب، بطاقة تهيئة الدرس، منهج التوقيتات، منهاج التدريب الأسبوعي).,0.16,multi,,88
457,36,الساعات المطلوبة للتدريب الصحي في منهج التدريب الاسبوعي.,0.16,multi,,89
458,36,تخصيص الساعات المطلوبة للتدريب الصحي.,0.16,multi,,90
459,36,تخصيص الساعات المطلوبة للتدريب الصحي في منهج التدريب الاسبوعي.,0.16,multi,,91
461,36,الكراسات والمحاضرات التدريبية ووسائل الايضاح والنماذج المقطعية الخاصة بالتدريب الصحي حسب منهج التدريب الاسبوعي.,0.16,multi,,93
462,36,عينة من المنتسبين بموامضيع التدريب الصحي.,0.16,multi,,94
463,36,تخصيص الساعات المطلوبة للتدريب الصحي وتم اجراء اختبار عينة من المنتسبين بالتدريب الصحي والاسعافات الاولية وحمل الجريح.,0.16,multi,,95
464,36,الرمي,0.16,multi,,96
465,36,تهيئة ميادين الرمي ومتطلباتها.,0.16,multi,,97
466,36,تصفير الأسلحة.,0.16,multi,,98
467,36,اوضاع الرمي ومدى تطبيقها بدقة.,0.16,multi,,99
468,36,تمرين الرمي للبندقية والمسدس لجميع الضباط في الوحدة.,0.16,multi,,100
469,36,التدريب البدني,0.16,multi,,101
470,36,تيسر وتنفيذ وصايا ومناهج التدريب البدني والرياضة المسائية.,0.16,multi,,102
471,36,معدات واجهزة التدريب البدني.,0.16,multi,,103
472,36,فحص الكادر التدريبي.,0.16,multi,,104
473,36,كفاءة الكادر التدريبي جيدة,0.16,multi,,105
474,36,الميادين والملاعب ومستوى ادامتها.,0.16,multi,,106
475,36,اجراء فحص الكفاءة البدنية وتشمل الآتي:,0.16,multi,,107
476,36,الاسكان والبنى التحتية,0.16,multi,,108
477,36,تيسر قاعات منام ملائمة ومدى أستيعابها وترتيب اسرتها ودواليبها.,0.16,multi,,109
478,36,توفر الانارة الداخلية والانارة البديلة في قاعات المنام والمكاتب والانارة الخارجية في الساحات والكراجات والشوارع.,0.16,multi,,110
104,21,مدى اهتمامه بالتدريب وخلق الفرص الملائمة.,5.00,multiple,null,3
479,36,توفر الانارة الداخلية والانارة البديلة في قاعات المنام والمكاتب وعدم وجود الانارة الخارجية في الساحات والكراجات والشوارع.,0.16,multi,,111
480,36,توفر الانارة الداخلية والانارة البديلة في قاعات المنام والمكاتب والانارة الخارجية في الساحات والمرآب والطرق.,0.16,multi,,112
481,36,مدى الاهتمام بنظافة الوحدة والمساحات الخضراء.,0.16,multi,,113
482,36,توفر التهوية الجيدة (الشبابيك، المراوح) لقاعات المنام والمكاتب.,0.16,multi,,114
483,36,توفر أجهزة التكييف لقاعات المنام والمكاتب.,0.16,multi,,115
484,36,توفر أجهزة التكييف لقاعات المنام والمكاتب وجيدة.,0.16,multi,,116
485,36,تيسر قائمة بأسماء شاغلي قاعات المنام والمكاتب.,0.16,multi,,117
486,36,تيسر أدوات مكافحة الحريق بالقرب من قاعات المنام وداخل الأبنية.,0.16,multi,,118
487,36,مدى نظافة المجاميع الصحية المخصصة لقاعات المنام والمكاتب وتيسر مفرغات الهواء فيها.,0.16,multi,,119
488,36,تيسر المنظفات والمعقمات وأدوات التنظيف في المجاميع الصحية.,0.16,multi,,120
489,36,سرايا البندقيات,0.16,multi,,121
491,36,رئيس عرفاء السرية (كفاءته، متابعته في تنظيم السرية، متابعته تجهيزات وسكن المنتسبين، اعداد الموجود اليومي، الاهتمام بساحة العرض).,0.16,multi,,123
492,36,كفاءة ر.ع السرية جيدة من ناحية التنظيم والمتابعة.,0.16,multi,,124
493,36,كفاءة رئيس عرفاء السرية جيدة في التنظيم والمتابعة والسكن واعداد الموجود.,0.16,multi,,125
494,36,مستودع السرية (نظافته، ترتيبه، أدوات مكافحة الحريق، بطاقة).,0.16,multi,,126
549,37,مستوى تأهيل العاملين على أجهزة كشف المتفجرات.,0.32,multi,,52
497,37,أمر السيطرة ومعاونيه,0.32,multi,,0
498,37,مدى مطابقة الإيجاز المقدم مع المهمة الفعلية وأسس التفتيش.,0.32,multi,,1
499,37,كفاءة أمر السيطرة في القيادة والإدارة وتحمل المسؤولية.,0.32,multi,,2
500,37,مستوى أداء المعاون وضابط الشفت وإلمامهم بمهامهم.,0.32,multi,,3
501,37,الإشراف الميداني الفعال على عمل السيطرة.,0.32,multi,,4
502,37,التنسيق مع الأجهزة الأمنية الساندة.,0.32,multi,,5
504,37,اجراء ممارسات افتراضية لفحص كفاءة الكلاب البوليسية وجميع أجهزة الكشف التابعة الى مديرية مكافحة المتفجرات.,0.32,multi,,7
505,37,تم اجراء ممارسة افتراضية داخل السيطرة، وفحص مفارز الكلاب البوليسية وأجهزة الكشف التابعة الى مديرية مكافحة المتفجرات، وكان مستوى التنفيذ (فوق الوسط),0.32,multi,,8
506,37,متابعة ادامة كافة السجلات الخاصة برصد المخالفات من قبل كافة الأجهزة الأمنية المتواجدة في السيطرة.,0.32,multi,,9
507,37,التقييم.,0.32,single,,10
508,37,التنظيم والإجراءات الإدارية,0.32,multi,,11
509,37,تنظيم المكاتب والسجلات الإدارية والمالية وإدامتها.,0.32,multi,,12
510,37,وصايا أمن المكتب والمعلومات.,0.32,multi,,13
511,37,سياق تداول البريد وتنظيم الأرشيف (ورقي وإلكتروني).,0.32,multi,,14
512,37,آلية الاستماع لشكاوى المنتسبين وحلها.,0.32,multi,,15
513,37,تنفيذ الأوامر الإدارية الصادرة من المراجع العليا.,0.32,multi,,16
514,37,غرفة الحركات,0.32,multi,,17
515,37,تنظيم غرفة الحركات والتجهيزات الأساسية.,0.32,multi,,18
516,37,مدى ادامة وتنفيذ خطتي  (الدفاع المحلي، مكافحة الحريق).,0.32,multi,,19
517,37,كفاءة وفاعلية أجهزة الاتصالات السلكية واللاسلكية والاتصالات البديلة.,0.32,multi,,20
518,37,اكتمال السجلات  (سجل الحوادث، البرقيات، الزيارات).,0.32,multi,,21
519,37,توفر المواقف واللوحات الإيضاحية المطلوبة.,0.32,multi,,22
520,37,توفر اللوحات الإيضاحية المطلوبة في نقطة السيطرة.,0.32,multi,,23
521,37,البنية التحتية والاتصالات,0.32,multi,,24
522,37,ملاءمة قاعات المنام والخدمات (مطابخ، مجاميع صحية، تكييف).,0.32,multi,,25
523,37,توفر خط كهرباء طوارئ (مولدات) وصلاحيتها.,0.32,multi,,26
524,37,توفر أدوات مكافحة الحريق في جميع المرافق.,0.32,multi,,27
525,37,الوضع العام للنظافة والمظهر العام للسيطرة (داخلياً وخارجياً).,0.32,multi,,28
526,37,كفاءة ضابط الآليات وإلمامه بواجباته.,0.32,multi,,29
527,37,اكتمال السجلات الفنية للآليات (ذمة، صيانة، إدامة).,0.32,multi,,30
528,37,الحالة الفنية للعجلات ومدى جاهزيتها.,0.32,multi,,31
529,37,الحالة الفنية للعجلات ومدى جاهزيتها جيدة وعددها (4) عجلات مختلفة الانواع.,0.32,multi,,32
530,37,تنظيم مستودع الوقود والزيوت ونقطة الإدامة.,0.32,multi,,33
531,37,توفر رحبة العجلات ومعدات الإطفاء الخاصة بها.,0.32,multi,,34
532,37,توفر رحبة العجلات رحبة عجلات بسيطة من حيث المساحة وعدم توفر مسقفات العجلات ومعدات الإطفاء الخاصة بها.,0.32,multi,,35
533,37,كفاءة ضابط الميرة وإجراءات التخزين الآمن.,0.32,multi,,36
534,37,كفاءة ضابط الميرة في إجراءات التخزين الآمن بمستوى وسط.,0.32,multi,,37
535,37,تحصين المشجب وأمنه (كاميرات مراقبة، كفالات).,0.32,multi,,38
536,37,آلية صرف الأسلحة والاعتدة والمعدات.,0.32,multi,,39
537,37,آلية صرف الأسلحة والاعتدة والمعدات منظمة بشكل جيد.,0.32,multi,,40
538,37,دقة سجلات الذمة ومطابقتها للواقع.,0.32,multi,,41
539,37,نسبة تكامل الأسلحة والعتاد ونسبة العاطل.,0.32,multi,,42
540,37,إنجاز المجالس التحقيقية المتعلقة بالذمة.,0.32,multi,,43
541,37,الجاهزية الاختصاصية والتجهيزات المتخصصة,0.32,multi,,44
542,37,جاهزية العجلات الاختصاصية (كشف متفجرات، مخدرات) وأجهزتها.,0.32,multi,,45
543,37,فعالية منظومة كاميرات المراقبة وتغطيتها.,0.32,multi,,46
544,37,تحديث قواعد البيانات (المطلوبين، العجلات المسروقة).,0.32,multi,,47
545,37,تصميم السيطرة (منحنيات تفتيش، مسقفات، مطبات، قطع دلالة).,0.32,multi,,48
546,37,توفر التحصينات والأسيجة الأمنية وأبراج المراقبة.,0.32,multi,,49
547,37,توفر الدوائر الساندة (الإسعاف، الدفاع المدني).,0.32,multi,,50
548,37,إدامة حضائر الكلاب البوليسية والرعاية البيطرية.,0.32,multi,,51
604,38,أقسام شؤون الإقامة,0.24,multi,,45
551,37,التأكد من عدم وجود طرق فرعية تتجاوز السيطرة.,0.32,multi,,54
552,37,التدريب والكفاءة القتالية,0.32,multi,,55
554,37,مستوى الإتقان في التدريب العسكري الأساسي (حركات المشاة، الأسلحة).,0.32,multi,,57
555,37,تنفيذ خطة الرمي السنوية ومستوى دقة الرماة.,0.32,multi,,58
556,37,الالتزام ببرامج التدريب البدني وتوفر الميادين المناسبة.,0.32,multi,,59
557,37,اكتمال سجلات التدريب (المذكرات، الخطط، الدورات).,0.32,multi,,60
558,37,مدى مشاركة المنتسبين في الدورات التخصصية والداخلية.,0.32,multi,,61
559,38,جودة الإيجاز المقدم من المدير ومدى مطابقته للواقع.,0.24,multi,,0
560,38,مــدى إلمام المدير بواجباته ومـهام قسمه.,0.24,multi,,1
561,38,فعالية نظام البديلين وضمان استمرارية العمل.,0.24,multi,,2
562,38,مدى التنسيق مع أمر المنطقة الأمنية ودمج العمل ضمن خطة الأمن المناطقي.,0.24,multi,,3
563,38,لا يوجد التنسيق مع أمر المنطقة الأمنية ضمن خطة الأمن المناطقي.,0.24,multi,,4
565,38,تنظيم السجلات والإجراءات الإدارية.,0.24,multi,,6
566,38,تقييم الإجراءات الأمنية لحماية المنشآت والموظفين والمراجعين.,0.24,multi,,7
567,38,جاهزية خطط الدفاع المحلي والطوارئ.,0.24,multi,,8
568,38,وجود الإعداد الورقي لخطتي الدفاع المحلي واطفاء الحرائق.,0.24,multi,,9
569,38,وجود الإعداد الورقي لخطتي الدفاع المحلي واطفاء الحرائق ويجري الممارسة عليها مع وجود سجل لتلافي السلبيات بالممارسات.,0.24,multi,,10
570,38,عدم وجود لوحات دلالة بأسماء المنتسبين المشمولين بالخطة مع بدلائهم.,0.24,multi,,11
571,38,تدريب المنتسبين على التعامل مع الحوادث الأمنية.,0.24,multi,,12
572,38,إجراءات تأمين الوثائق من مخاطر الحريق بشكل متوسط.,0.24,multi,,13
573,38,تأمين الوثائق والمستندات الرسمية من الضياع أو التزوير.,0.24,multi,,14
574,38,مطابقة الملاك البشري (الضباط، المراتب، الموظفين) مع الموجود والنشاط الفعلي.,0.24,multi,,15
575,38,جرد الأسلحة والعتاد والآليات وأجهزة الاتصالات وبيان نسب التكامل والجاهزية.,0.24,multi,,16
576,38,وجود أسلحة واعتدة وأجهزة اتصالات غير مطابقة مع الملاك وهي غير مدامة ولم يتم خزنها بالصورة الصحيحة.,0.24,multi,,17
577,38,تقيم كفاءة البنى التحتية (المباني، القاعات، الخدمات).,0.24,multi,,18
578,38,أقسام الجنسية والمعلومات المدنية,0.24,multi,,19
579,38,كفاءة الأنظمة البرمجية وقواعد البيانات المستخدمة.,0.24,multi,,20
580,38,كفاءة الأنظمة البرمجية وقواعد البيانات المستخدمة. متوسطة وتحتاج الى تطوير.,0.24,multi,,21
581,38,أماكن حفظ الاستمارات (نموذج 1) والأوليات منظم وأمن عالي.\,0.24,multi,,22
582,38,كفاءة الأنظمة البرمجية وقواعد البيانات المستخدمة تحتاج الى تطوير.,0.24,multi,,23
583,38,دقة وسرعة إصدار البطاقة الوطنية الموحدة.,0.24,multi,,24
584,38,دقة وسرعة إصدار البطاقة الوطنية الموحدة عالي جدا ضمن التوقيت المحدد.,0.24,multi,,25
585,38,دقة وسرعة إصدار البطاقة الوطنية الموحدة مع تأخير محدود.,0.24,multi,,26
586,38,توفر الأجهزة والحاسبات الحديثة والاستفادة منها.,0.24,multi,,27
587,38,توفر الأجهزة والحاسبات الحديثة ويجري العمل بها برغم تقدم الآجال.,0.24,multi,,28
588,38,الأجهزة والحاسبات الحديثة متوفرة جزئياً.,0.24,multi,,29
589,38,تنظيم وأمن أماكن حفظ الاستمارات (نموذج 1) والأوليات.,0.24,multi,,30
590,38,أماكن حفظ الاستمارات (نموذج 1) والأوليات منظمة ومدامة.,0.24,multi,,31
591,38,أقسام وشعب مكتب المعلومات المركزي,0.24,multi,,32
592,38,دقة إجراءات تدقيق المعاملات وإصدار بطاقات السكن.,0.24,multi,,33
593,38,الالتزام بالتعليمات الخاصة بالتوقيع من قبل ضابط المكتب حصرا على بطاقة السكن.,0.24,multi,,34
594,38,صحة ودقة إدخال البيانات وأرشفتها إلكترونياً.,0.24,multi,,35
595,38,إدخال البيانات بشكل دقيق ومؤرشفة بالكامل.,0.24,multi,,36
596,38,وضوح إجراءات العمل للمراجعين (اللوحات الإرشادية).,0.24,multi,,37
597,38,وجود اللوحات الإرشادية بشكل واضح ومعلقة.,0.24,multi,,38
598,38,عدم وجود اللوحات الإرشادية بشكل واضح ومعلقة.,0.24,multi,,39
599,38,الالتزام بالتعليمات وعدم تفويض التوقيع.,0.24,multi,,40
601,38,تأمين الوثائق من المخاطر (الحرائق، العبث).,0.24,multi,,42
602,38,إجراءات تأمين الوثائق من مخاطر الحريق بشكل ضعيف.,0.24,multi,,43
603,38,إجراءات تأمين الوثائق من مخاطر الحريق بشكل جيد.,0.24,multi,,44
606,38,متابعة من قبل قسمي العرب والأجانب حال صدور سمات الدخول وانتهائها بشكل دقيق.,0.24,multi,,47
607,38,متابعة من قبل قسمي العرب والأجانب حال صدور سمات الدخول وانتهائها بشكل ضعيف.,0.24,multi,,48
608,38,متابعة من قبل قسمي العرب والأجانب حال صدور سمات الدخول وانتهائها بشكل جيد.,0.24,multi,,49
609,38,فعالية متابعة تنفيذ أوامر (الإبعاد، الإخراج، منع السفر... الخ).,0.24,multi,,50
610,38,تكامل السجلات والبيانات مع الجهات المعنية.,0.24,multi,,51
611,38,أقسام شؤون الجوازات,0.24,multi,,52
612,38,دقة تدقيق المستمسكات ومطابقتها لأصولها.,0.24,multi,,53
614,38,التزام الكامل بالإجراءات في إصدار جوازات السفر (أول مرة، بدل تالف/ ضائع).,0.24,multi,,55
615,38,كفاءة أنظمة الأرشفة الإلكترونية للوثائق.,0.24,multi,,56
616,38,كفاءة أنظمة الأرشفة الإلكترونية للوثائق عالي جداً.,0.24,multi,,57
617,38,دقة استيفاء الرسوم والحسابات المالية.,0.24,multi,,58
618,38,المنافذ الحدودية (بري، بحري، جوي),0.24,multi,,59
619,38,تقييم أداء الشعب الرئيسية (شعبة التنفيذ، شعبة المنع، شعبة الوافدين والمغادرين، تكنولوجيا المعلومات).,0.24,multi,,60
620,38,مدى تكامل العمل بين هذه الشعب.,0.24,multi,,61
621,38,فعالية عمليات التدقيق على الوافدين والمغادرين.,0.24,multi,,62
622,38,كفاءة ضبط الوثائق المزورة في المنفذ.,0.24,multi,,63
623,38,كفاءة متوسطه للوثائق المزورة في المنفذ.,0.24,multi,,64
624,38,كفاءة عالية واكتشاف سريع للوثائق المزورة في المنفذ.,0.24,multi,,65
625,38,دقة وسرعة تحديث قوائم الممنوعين من السفر والمطلوبين.,0.24,multi,,66
626,38,مستوى الخدمات المقدمة للمسافرين.,0.24,multi,,67
627,38,جاهزية الأنظمة التقنية والتكنولوجية المستخدمة.,0.24,multi,,68
628,38,حالة البنى التحتية للمنفذ وملاءمتها للعمل.,0.24,multi,,69
629,38,النزاهة والشفافية ومكافحة الفساد,0.24,multi,,70
630,38,مدى الالتزام بالتعليمات والأنظمة الإدارية والمالية.,0.24,multi,,71
631,38,التزام بالتعليمات والأنظمة الإدارية والمالية بشكل كامل.,0.24,multi,,72
632,38,فحص الشكاوى المقدمة من المراجعين وآلية معالجتها.,0.24,multi,,73
633,38,التدقيق على السجلات المالية (سجل محاسبة 66) ومطابقتها.,0.24,multi,,74
634,38,فحص إجراءات التأكد من هوية المراجعين.,0.24,multi,,75
635,38,التدقيق على الأختام الرسمية (مثل ختم الصورة) لمنع التزوير.,0.24,multi,,76
636,38,تقييم الإجراءات المشددة لحماية البطاقات والجوازات الخام.,0.24,multi,,77
637,38,المتابعة والتقييم,0.24,multi,,78
638,38,متوسط زمن إنهاء المعاملة للمراجع.,0.24,multi,,79
640,38,عدد الوثائق المزورة المضبوطة.,0.24,multi,,81
641,38,إجراء مقابلات مع المدراء والمنتسبين لتحديد الصعوبات.,0.24,multi,,82
642,38,تحليل أوجه القصور في الدعم الفني أو اللوجستي أو البشري.,0.24,multi,,83
643,39,تحديد نوع الهدف وأهميته وتأمين القوة اللازمة لحمايته.,1.82,multi,,0
644,39,بيان عدد الأهداف المحمية والغير محمية والمطابقة مع الموجود الفعلي وحسب تصنيف الأهداف.,1.82,multi,,1
646,39,اجراء المقابلات الأسبوعية والاستماع والنظر بطلبات كافة منسوبي حماية المنشات.,1.82,multi,,3
647,39,ادامة كافة السجلات المطلوبة للاعمال اليومية.,1.82,multi,,4
648,39,توفر العنصر النسوي لتفتيش المراجعات للدوائر الحكومية وبيان مدى الحاجة.,1.82,multi,,5
649,39,توفر العنصر النسوي (المفتشات) في كافة الاهداف لتفتيش المراجعات.,1.82,multi,,6
650,39,التدريب وبيان مدى قابلية المنتسبين في استخدام الاسلحة الخفيفة.,1.82,multi,,7
651,39,اجراء الرمي السنوي أو الفصلي وبيان مدى كفاءة المنتسبين.,1.82,multi,,8
652,39,بيان الاتصالات ومدى صلاحيتها.,1.82,multi,,9
653,39,التقييم.,1.82,single,,10
654,40,عائديه الأرض,0.91,multi,,0
655,40,موجود الكلي () منهم () ضابط و() منتسب و()موظف.,0.91,multi,,1
656,40,موجود المقر () منهم () ضابط و() منتسب و()موظف.,0.91,multi,,2
657,40,يتالف:,0.91,multi,,3
658,40,سارية العلم العراقي (مدامة ـ غير مدامة).,0.91,multi,,4
659,40,سارية العلم العراقي مدامة.,0.91,multi,,5
660,40,آلية توزيع الارزاق,0.91,multi,,6
661,40,آلية توزيع الارزاق/اكتفاء ذاتي,0.91,multi,,7
662,40,لجنة استلام وتوزيع الارزاق,0.91,multi,,8
663,40,لجنة الارزاق متكونة من ثلاث ضباط بموجب الكتاب ذو العدد   في   /   /2025، الصادر من مقر الفوج بأمرة العقيد (        ) وعضوية النقيب (     ) والملازم (    ) ويتم استقطاع مبلغ الارزاق (90) الف دينار عراقي من جميع الضباط والمراتب وبأشراف مساعد آمر الفوج ويتم توزيع الارزاق الجافة والطرية على السرايا.,0.91,multi,,9
664,40,غرفة المطبخ وأدواته.,0.91,multi,,10
665,40,غرفة المطبخ نظامية والأدوات الموجودة نظيفة وتتوفر فيها الشروط الصحية.,0.91,multi,,11
666,40,غرفة المطبخ وأدواته نظيفة ومدامة,0.91,multi,,12
667,40,لوحات قياس الارزاق وجدول توقيتات الاطعام.,0.91,multi,,13
668,40,توفر لوحات قياس الارزاق وجدول توقيتات الاطعام.,0.91,multi,,14
669,40,مستودعات( للأرزاق الجافة وللأرزاق الطرية والمياه والمنظفات).,0.91,multi,,15
670,40,توفر مستودعات (للأرزاق الجافة وللأرزاق الطرية والمياه والمنظفات) منظمة وفق                 بطاقة المذخر.,0.91,multi,,16
671,40,توفر مستودعات( للأرزاق الجافة وللأرزاق الطرية والمياه والمنظفات) مدامة           ونظيفة.,0.91,multi,,17
672,40,اعداد الطباخين () منتسبين مع عدم وجود البطاقات الصحية.,0.91,multi,,18
673,40,اعداد الطباخين (8) منتسبين ولديهم شهادة صحية.,0.91,multi,,19
674,40,الزي الرسمي للطباخين.,0.91,multi,,20
675,40,تم اجراء الاستبيان على المنتسبين عن نوعية وكمية الارزاق لوجبة وكانت النتيجة,0.91,multi,,21
142,28,تنظيم دوام الموظفين وضبط الحضور والانصراف (البصمة الإلكترونية أو سجلات الدوام الرسمية).,3.00,multi,,3
687,32,مدى توفر المراسي الآمنة لكل مفرزة.,0.30,multiple,null,23
268,33,متابعة العمل بالربط الشبكي ووجود كادر متخصص والعمل بالأرشفة الالكترونية والورقية واتمتة القضايا التحقيقية ونسبة الإنجاز.,0.80,multiple,null,5
299,33,تنظيم المبارز الجرمية والامانات وفق السياقات الأصولية ووضع البطاقة التعريفية عليها وتنظيم اضبارة لكل مبرز جرمي وتحديث السجلات الخاصة بها.,0.50,multiple,null,48
341,35,عدد أوامر القبض المنفذة وغير المنفذة.,0.47,multi,,16
346,35,تحديث قاعدة البيانات للمطلوبين وأرباب السوابق والمطلق سراحهم بجرائم الارهاب والجريمة المنظمة.,0.47,multi,,21
374,36,مدى هيمنته على السرايا ومتابعة تامين متطلباتها (التعبوية، التدريبية، الادارية، الفنية).,0.16,multi,,6
399,36,ملم بواجباته ومدى اهتمامه بالجوانب الإدارية.,0.16,multi,,31
411,36,وجود اعداد وصايا ومناهج التدريب وتنظيمها بموجب كراسة اعداد المناهج.,0.16,multi,,43
105,21,مدى اهتمامه بإكمال الجاهزيـة الأمنية وإضبارة سد النقص.,5.00,multiple,null,4
143,28,الالتزام بتوجيهات وتعليمات المراجع العليا في إدارة الموارد البشرية والمنتسبين.,3.00,multiple,null,4
184,30,دوريات المرور الآلية: التقييم الفني للعجلات والجاهزية (لافتات ضوئية، أجهزة الاتصال الثابتة والمحمولة، أجهزة لوحية ذات مواصفات عالية تستخدم للاستعلام عن عائديه المركبة واشارات ضبط المركبات والسرقات، واستخدام نظام GPS)، تكامل طاقم الدورية وتدريبه.,0.50,multiple,null,17
195,30,الإجراءات المتبعة في معالجة موقع الحادث وتوثيقه (حصر منطقة الحادث وتحديدها، تهيئة الطرق البديلة في حالة قطعها، اشعار ضابط المركز المعني بمنطقة الحادث ودوريات النجدة، تأمين حضور عجلات الاسعاف والدفاع المدني وحسب الحاجة).,0.50,multiple,null,28
710,33,متابعة توزيع مفاتيح الموقف والمشجب وادامة الأسلحة.,10.00,multiple,null,15
731,34,التحري عن المتحصلات المالية للمتهمين بجرائم المخدرات.,10.00,multiple,null,27
745,34,متابعه التقارير الاستخبارية (الاسبوعي، النصف شهري، الشهري) والمتحقق منها.,10.00,multiple,null,40
419,36,(تكامل ـ عدم تكامل) موقع القيادة (لوحة رسائل المعركة، لوحة موقع الضباط، بيان المواقع، نظام البديلين، مسلح خشب، سجل المعلومات، باب خروج للطوارئ).,0.16,multi,,51
427,36,تيسر لوحات (واجبات المفوض الكاتب، نظام البديلين، الاعلانات، المواقف الشهرية، سياق تداول البريد، اسماء تعريفية، مفتاح الاضابير، فهرست السجلات، وصايا أمن المكتب، توزيع البريد الداخلي والخارجي، المتابعة، الانارة البديلة، مستحقي الترقية، القوة العمومية، الاسلحة، الاعتدة، الاليات، أجهزة الاتصالات).,0.16,multi,,59
444,36,الاتصالات والنظم المعلوماتية,0.16,multi,,76
445,36,تيسر غرفة الاتصالات وتكامل تجهيزاتها (السجلات، لوحات الاتصالات، مخططات الشبكة).,0.16,multi,,77
460,36,تخصيص الساعات المطلوبة للتدريب الصحي وتم اجراء اختبار عينة من المنتسبين بالتدريب الصحي والاسعافات الاولية وحمل الجريح.,0.16,multi,,92
490,36,مدى هيمنة آمر السرية وألمامه بواجباته، ومدى تيسر (الايجاز، المفكرة، سجل الهيكل التنظيمي، سجل أيجاز البديل).,0.16,multi,,122
495,36,تيسر خطط (الدفاع المحلي، مكافحة الحريق، سياق الحركة الفورية).,0.16,multi,,127
496,36,تيسر (وصايا ومناهج التدريب، مدخرات التدريب وسجلات التدريب، كراسات ومحاضرات التدريب، مدى تكامل محتويات اضبارة المعلم).,0.16,multi,,128
503,37,فحص نشاطات الأجهزة الأمنية المتواجدة داخل السيطرة ومدى التنسيق مابينهم واحالة المخالفين الى الدوائر التحقيقية وحسب الاختصاص الوظيفي بموجب وصولات استلام وحسب الإجراءات الأصولية المتبعة.,0.32,multi,,6
550,37,توفر الكادر النسوي وأماكن تفتيش النساء.,0.32,multi,,53
553,37,الالتزام بتنفيذ المهمة التدريبية والخطة السنوية.,0.32,multi,,56
564,38,لا يوجد تنسيق مع آمر المنطقة الأمنية ولا زال العمل بالارتباط الاداري والحركات بمرجعه.,0.24,multi,,5
600,38,الالتزام بالتعليمات وتفويض التوقيع معمول به بنظام البديل,0.24,multi,,41
605,38,دقة متابعة دخول وإقامة ومغادرة العرب والأجانب.,0.24,multi,,46
613,38,التزام الإجراءات في إصدار جوازات السفر (أول مرة، بدل تالف/ ضائع).,0.24,multi,,54
639,38,نسبة الرضا العام للمراجعين (من خلال استبيانات عينية).,0.24,multi,,80
645,39,متابعة اللياقة البدنية وتوحيد القيافة وادامة الأسلحة والاعتدة والاليات وتامين الاتصال مابين الأهداف والمقر الرئيسي.,1.82,multi,,2
102,21,المواقف الرسمية ونسب التكامل (الاشخاص، الاسلحة، الاعتدة، الآليات، اجهزة الاتصالات).,10.00,multiple,null,1
155,29,عدد الدوريات الآلية (  4  ) الدراجات النارية (  4    ) الراجلة ( 4    ) وتوزيعها ضمن قاطع المسؤولية حسب الاهمية.,1.00,multi,null,8
688,32,تنظيم وإدارة الواجبات والخفارات. (0 د),0.20,multiple,null,22
103,21,مدى المامه بقاطع المسؤولية وتحديد نقاط القوة والضعف واسلوب معالجتها.,5.00,single,null,2
106,21,قدرته على قيادة الأجهزة الأمنية العاملة بأمرته وإدارة الخلية الاستخبارية.,5.00,multiple,null,5
746,34,امكانية التحري وجمع المعلومات عن انواع المخدرات وتجار المخدرات ضمن قاطع المسؤولية.,10.00,multiple,null,41
107,21,قدرته في أتخـاذ القـرار المناسب في الحوادث الأمنية والمسح الميداني والأتمتة وحصر السلاح بيد الدولة.,5.00,multiple,null,6
114,23,متابعة أنظمة المراقبة والاتصالات والكاميرات والأجهزة اللاسلكية ومنظومات الإنذار.,7.50,multiple,null,0
266,33,الاشراف على اجراء التعداد اليومي ومتابعة انتظام الدوام الرسمي.,0.90,multiple,null,3
721,34,توثيق البيانات وأوامر القبض الصادرة بحق المتهمين المطلوبين.,10.00,multiple,null,16
711,33,التعاون مع الجهات الرقابية والتفتيشية وتسهيل مهامها.,10.00,multiple,null,14
732,34,موقف القضايا التحقيقية (المسجل، المنجز، المتبقي، النسبة المئوية للإنجاز).,10.00,multiple,null,28
274,33,وحدة الإدارة,0.41,multi,,23
108,21,التقييم العام لمدير المنطقة الأمنية.,5.00,single,null,7
152,29,مدى العمل بالهيكل التنظيمي والوصف الوظيفي والقياس لقاطع نجدة بمستوى شعبة في المحافظات ومستوى قسم في بغداد وتفعيل شعبه ووحداته.,1.00,multiple,null,5
267,33,اجراء التحقيق من قبله شخصياً في الحوادث المهمة.,1.20,multiple,null,4
290,33,العمل وفق الكلمات الجفرية.,0.50,multiple,null,39
269,33,متابعة الكفاءة التحقيقية لضباط التحقيق وسير الإجراءات التحقيقية ومدى تنفيذ القرارات القضائية والالتزام بأخلاقيات المهنة والحفاظ على سرية المعلومات التحقيقية.,0.80,multiple,null,8
292,33,توفر السجلات المطلوبة ومكان حفظ المستندات.,0.50,multiple,null,41
293,33,توفر المسالح الخشبية وادامة الاسلحة.,0.50,multiple,null,42
294,33,نسبة تكامل الأسلحة والاعتدة قياساً بالموجود البشري مع توفر الأسلحة الساندة.,0.50,multiple,null,43
297,33,مدى تنفيذ أوامر القبض والمذكرات القضائية الصادرة من المحاكم المختصة وبيان نسب التنفيذ.,0.50,multiple,null,46
298,33,نسبة حسم وإنجاز المبارز الجرمية والامانات المضبوطة.,0.50,multiple,null,47
300,33,العمل ببطاقة الشكوى.,0.50,multiple,null,49
301,33,عدد ضباط التحقيق مقارنة بالحوادث المسجلة ضمن قاطع المسؤولية.,0.50,multiple,null,50
302,33,توفر ساحة نظامية لإيواء العجلات المحجوزة والسجلات الخاصة بها.,0.50,multiple,null,51
303,33,تيسر عجلة خاصة لنقل الموقوفين بمواصفات أمنية مناسبة.,0.50,multiple,null,52
689,32,توفر وسائل سحب وإنزال الزوارق (العجلات ذات الدفع الرباعي، المنزلقات). (0 د),0.60,multiple,null,21
304,33,فتح سجل متابعة القضايا التحقيقية لكل ضابط تحقيق.,0.50,multiple,null,53
305,33,العمل بأجراء دور الاستلام وتسليم الاوراق التحقيقية بين الضباط المنقولين قبل اجراء الانفكاك.,0.50,multiple,null,54
712,33,فعالياته ونشاطاته لمد جسور الثقة مع المواطنين في تنفيذ خطة الوزارة لحصر السلاح بيد الدولة.,10.00,multiple,null,13
309,33,يتم متابعة توفر الخدمات الصحية في المواقف التحقيقية وتدقيق سجلات الفحص,0.50,multiple,null,58
291,33,المشجب,0.41,multi,,40
295,33,التحقيق,0.41,multi,,44
296,33,موقف القضايا التحقيقية (المسجل، المنجز، المتبقي، نسبة الإنجاز).,0.41,multi,,45
722,34,متابعة حركة المفارز واعداد الخطط الأمنية وتسليم واستلام المعلومات المهمة.,10.00,multiple,null,17
733,34,مدى تنفيذ أوامر القبض والمذكرات القضائية الصادرة من المحاكم المختصة وبيان نسبة الإنجاز.,10.00,multiple,null,29
747,34,ادارة المصادر والمتعاونين وتنظيم الجانب المالي والتجنيد والتدريب.,10.00,multiple,null,42
116,24,متابعة البريد اليومي وإدامة السجلات ووضع أولويات إدارية وتسهيل تداول البريد والأرشفة الإلكترونية.,5.00,multiple,null,0
118,24,متابعة الخطة التدريبية السنوية (المبرمجة وغير المبرمجة) وإيجاز التدريب بما يناسب احتياجات الدوائر.,5.00,multiple,null,2
154,29,جاهزية غرفة السيطرة اللاسلكية وتوفر أجهزة الشحن ورافعة القدرة الكهربائية وسجل الحوادث اليومي.,1.00,multiple,null,7
310,33,إدامة مذكرات التوقيف والسجلات المطلوبة.,0.50,multiple,null,59
691,32,شبكة اتصالات جيدة ومؤمنة مع كافة الزوارق والمفارز من خلال ارتباطها بسيطرة الاستجابة السريعة. (0 د),0.70,multiple,null,19
690,32,موقف الزوارق (العدد، النوع، الحالة الفنية، نوع المحركات). (0 د),0.50,multiple,null,20
308,33,متابعة توفر الخدمات الصحية في المواقف التحقيقية وتدقيق سجلات الفحص الطبي والتغذية وضمان التهوية والنظافة وسلامة الظروف البيئية (التشميس، الإضاءة، التدفئة، الطعام، المياه).,0.50,multiple,null,57
286,33,السيطرة,0.41,multi,,35
307,33,التحقق من عدد الموقوفين ومدى تأمين مواقف احتجاز مناسبة تتوافق مع الطاقة الاستيعابية المقرة قانوناً بما يضمن حقوق الانسان والسلامة الجسدية للموقوفين.,0.50,multiple,null,56
287,33,كفاءة العاملين في السيطرة.,0.41,multi,,36
272,33,كفاءته ومتابعته للواجبات والقيافة العسكرية للمنتسبين وادامة مرافق المركز.,10.00,multiple,null,21
723,34,متابعة تنفيذ الواجبات ضمن قاطع المسؤولية.,10.00,multiple,null,18
734,34,عدد ضباط التحقيق مقارنة بالحوادث المسجلة ضمن قاطع المسؤولية.,10.00,multiple,null,30
713,33,التنسيق وتبادل المعلومات مع الاجهزة الأمنية ضمن قاطع المسؤولية والجهات الساندة للتحقيق (الطب العدلي، الأدلة الجنائية، التسجيل الجنائي).,10.00,multiple,null,12
282,33,سجل الدورات والكراسات التدريبية.,0.41,multi,,31
283,33,تيسر ساحة للتدريب والتعداد الصباحي.,0.41,multi,,32
273,33,متابعة اوامر القسم الثاني فيما يخص فقرات الغياب والهروب والعقوبات والاجازات.,0.50,multiple,null,22
284,33,تنفيذ خطط الدفاع المحلي ومكافحة الحريق بصورة دورية وتوفر وسائل اطفاء الحرائق والمستلزمات الاسعاف الأولية.,0.50,multiple,null,33
285,33,نتائج الرمي السنوي لكافة منتسبي المركز.,0.50,multiple,null,34
311,33,متابعة تسفير المحكومين للمؤسسات الاصلاحية.,0.50,multiple,null,60
145,28,إدامة السجلات والملفات الإدارية والمالية وخلوها من الحك والشطب والعمل بالترميز المعتمد.,3.00,multiple,null,6
165,29,اجراء ممارسة افتراضية للوقوف على سرعة الاستجابة لحادث بالتنسيق مع مركز الاستجابة السريعة (911) لدوريات النجدة واختيار رقعة جغرافية مشتركة لمعرفة وقت الوصول القياسي والاجراءات المتخذة من قبل آمر الدورية ومدى المام المنتسبين بالتعليمات والقوانين النافذة.,1.00,multiple,null,18
692,32,تقييم جاهزية ورش صيانة الزوارق (البرادين). (0 د),0.50,multiple,null,18
724,34,التحقيقات,22.00,single,null,20
735,34,توفر ساحة نظامية لإيواء العجلات المحجوزة والسجلات الخاصة بها.,10.00,multiple,null,21
714,33,متابعه الحوادث المسجلة والمواقف المرفوعة والاشراف على ادامة وتحديث كافة فقرات سجل الأساس.,10.00,multiple,null,11
149,29,تنظيم مقر القاطع وتوفر اللوحات التعريفية والمواقف الإدارية، وبيان تصنيف القاطع وفق نموذج التصنيف (أ، ب).,1.00,multiple,null,2
150,29,عائدية البناية والارض.,1.00,multiple,null,3
151,29,الارتباط من الناحية (الادارية، الحركات).,1.00,multiple,null,4
156,29,كفاءة شبكة الاتصالات بين المنطقة الأمنية والدوريات، ومدى توفر اجهزة الاتصالات اللاسلكية (المحمولة، الثابتة) لمقر القاطع وعجلات الدوريات والدراجات النارية، ومدى صلاحيتها.,1.00,multiple,null,9
157,29,مدى العمل بسجل الحوادث في مقر القاطع والدوريات واضباراة وصولات التسليم.,1.00,multiple,null,10
158,29,التعاون مع الأجهزة الأمنية ومدى التنسيق مع قيادة المنطقة والقواطع الأخرى.,1.00,single,null,11
159,29,دوريات النجدة,1.00,multiple,null,12
160,29,ادامة الأسلحة بشكل اسبوعي.,1.00,multi,,13
161,29,انواع الاسلحة المتوفرة نوع نصف اخمس و هي مدامة بشكل جيد وتجري يومياً و اسبوعياً.,1.00,multiple,null,14
162,29,وجود مشاجب نظامية عبارة عن ابنية و هي مؤمنة بشكل جيد مع توفر كامرات مراقبة والسجلات الخاصة بالمشاجب مفتوحة ومدامة.,1.00,multi,,15
163,29,مستوى اللياقة البدنية للمنتسبين جيدة و هنالك اهتمام بالقيافة العسكرية.,1.00,multiple,null,16
164,29,"اشراك المنتسبين بدورات (الرمي , السياقة , والحاسوب , القتال الاعزل )",1.00,multi,,17
725,34,متابعه العمل بالربط الشبكي ووجود كادر متخصص والعمل بالأرشفة الالكترونية والورقية واتمتة القضايا التحقيقية ونسبة الإنجاز.,10.00,multiple,null,23
715,33,توزيع القضايا التحقيقية على الضباط حسب أهميتها.,10.00,multiple,null,10
736,34,تيسر عجلة خاصة لنقل الموقوفين بمواصفات أمنية مناسبة.,10.00,multiple,null,32
693,32,إجراء تدريبات عملية (محاكاة) لقياس سرعة الاستجابة والفعالية . (0 د),22.00,multiple,null,15
199,30,تقييم مدى ملائمة ساحات حجز المركبات وإجراءات حماية الممتلكات.,0.50,multiple,null,32
696,32,توفر وسائل السلامة الإلزامية في الزوارق (أطواق النجاة، النجادات، معدات الإسعافات الأولية، أجهزة الاتصال). (0 د),20.00,multiple,null,10
695,32,كفاءة إجراءات الإدامة للزوارق والآليات. (0 د),20.00,multiple,null,11
694,32,الإشراف الميداني الفعال على الحوادث المهمة. (0 د),20.00,multiple,null,12
726,34,تيسر نظام البديلين.,10.00,multiple,null,22
737,34,فتح سجل متابعة القضايا التحقيقية لكل ضابط تحقيق.,10.00,multiple,null,33
727,34,توفر قاعدة معلومات عن المجرمين وارباب السوابق، وبيانات المسح الميداني لقاطع المسؤولية وحفظ البيانات في هارد خارجي وتحديثه بشكل دوري.,10.00,multiple,null,31
738,34,نسبة حسم وإنجاز المبارز الجرمية المضبوطة، وتنظيمها وفق السياقات الأصولية ووضع البطاقة التعريفية عليها وتنظيم اضبار لكل مبرز جرمي وتحديث السجلات الخاصة بها.,10.00,multiple,null,34
700,32,مدى سجلات ومحاضر التدريبات. (0 د),10.00,multiple,null,6
697,32,مدى تكامل عدد الغواصين المعتمدين وحالة شهاداتهم. (0 د),20.00,multiple,null,8
699,32,الجاهزية العملياتية والتدريب (0 د),20.00,multiple,null,9
701,32,توفر المباني المناسبة والمجهزة للنقاط الأمامية. (0 د),10.00,multiple,null,13
698,32,جاهزية وتوفر معدات الغوص الكاملة (بدلات، أجهزة تنفس، قناني أوكسجين، زعانف). (0 د),20.00,multiple,null,14
739,34,الطاقة الاستيعابية للموقف وتوفر الشروط الصحية المناسبة ومكان ملائم للتشميس وادامة مذكرات التوقيف وتوفر السجلات (زيارة الطبيب - التشميس - معلومات الموقوفين - حركة الموقوفين) ومتابعة تسفير المحكومين للمؤسسات الاصلاحية.,10.00,multiple,null,35
682,31,مدى الإلمام بقانون الدفاع المدني رقم (44) لسنة 2013. (0 د),10.00,multiple,null,0
703,32,تقييم نظام تخزين المعدات وقطع الغيار. (0 د),10.00,multiple,null,7
702,32,مدى توفر المراسي الآمنة لكل مفرزة. (0 د),10.00,multiple,null,16
683,31,صلاحية أنظمة الإنذار والإنارة البديلة. (0 د),22.00,multiple,null,12
224,31,توفر سجلات المشجب.,0.50,multiple,null,17
227,31,التدريب على الحركات اليدوية والفورية (وفق معايير NFPA).,0.50,multiple,null,20
230,31,توفر سجلات التدريب والكراسات المعتمدة.,0.50,multiple,null,23
740,34,العمل بأجراء دور الاستلام وتسليم الاوراق التحقيقية بين الضباط المنقولين قبل اجراء الانفكاك.,10.00,multiple,null,36
211,31,متابعة المجالس واللجان التحقيقية والعقوبات الانضباطية.,0.70,multiple,null,4
212,31,الإجراءات المتخذة بشأن الغياب والهروب والمفقودات.,0.50,multiple,null,5
213,31,الالتزام بحقوق الإنسان والقوانين النافذة.,0.50,multiple,null,6
214,31,إدامة الآليات منتظمة وتوفر الخزين الاستراتيجي للوقود والزيوت.,0.50,multi,null,7
216,31,توفر كاميرات المراقبة (الداش كام) والتجهيزات الحديثة.,0.50,multiple,null,8
218,31,جاهزية أجهزة الاتصال اللاسلكي الثابتة والمحمولة.,0.50,multiple,null,10
219,31,توفر غرفة سيطرة نموذجية مجهزة بالخرائط والرموز والاحصائيات والسجلات الخاصة بها.,0.50,multiple,null,11
222,31,المشجب والأسلحة,0.41,multi,,15
223,31,تأمين غرفة المشجب وتوفر الشروط الأمنية (أبواب حديدية، أقفال، عزل كهربائي).,0.41,multi,,16
225,31,الجانب العملياتي والميداني,0.41,multi,,18
226,31,اجراء ممارسة ميدانية لحادث افتراضي وفحص (الجاهزية والاستجابة، وقت الاستجابة من تلقي البلاغ حتى انطلاق الفرقة، وقت الوصول إلى موقع الحادث، التقدير الصحيح للموقف من قبل قائد الفرقة).,0.80,multiple,null,19
228,31,التدريب على استخدام السلالم وأجهزة الإنقاذ المتنوعة.,0.50,multiple,null,21
229,31,"فحص اللياقة البدنية للمنتسبين وفق برنامج اللياقة (NFPA, OSHA).",0.50,multiple,null,22
231,31,توفر مدخرات التدريب والأجهزة المساعدة.,0.70,multiple,null,24
237,31,المحاضرات التوعوية للمواطنين والمؤسسات.,0.50,multiple,null,28
243,31,التوثيق الإعلامي للحوادث والتدريبات.,0.50,multiple,null,34
254,31,توفر مطافئ الحرائق المتنوعة وأجهزة الإنذار المبكر.,0.50,multiple,null,45
253,31,توفر منظومة كاميرات.,0.50,multiple,null,44
252,31,صلاحية الحمامات والتجهيزات الصحية.,0.50,multiple,null,43
251,31,توفر الوسائل الترفيهية وأجهزة التبريد.,0.50,multiple,null,42
250,31,نظافة وترتيب قاعات المنام والاستراحات والمطبخ.,0.50,multiple,null,41
247,31,توفر خطط الوقاية والسلامة الصناعية السنوية.,0.50,multiple,null,38
246,31,متابعة كشف المشاريع المخالفة لقانون الدفاع المدني رقم (44) لسنة 2013.,0.50,multiple,null,37
245,31,موافقات الدفاع المدني للمشاريع المشيدة حديثاً.,0.50,multiple,null,36
244,31,جرد المشاريع الحيوية وحسب التصنيف (أ، ب، ج).,0.50,multiple,null,35
242,31,توزيع النشرات والبوسترات الإرشادية.,0.50,multiple,null,33
236,31,الجانب الوقائي والإعلامي,0.41,multi,,27
248,31,جانب البنى التحتية والخدمات,0.41,multi,,39
255,31,التقييم.,0.41,single,,46
